round,time_to_normalize_gradients,time_to_aggregate_gradients,time_to_update_server_model,time_to_compute_cosine_similarities,time_to_normalize_importance_coefficient,time_to_compute_tanh_vals,time_to_compute_sparsified_gradients,round_total_server_only_computation_time,round_duration,total_server_only_computation_time,total_time,round_clients_local_training_dataset_average_accuracy,round_clients_local_testing_dataset_average_accuracy,round_clients_central_testing_dataset_average_accuracy,round_server_central_testing_dataset_loss,round_server_central_testing_dataset_accuracy,flattened_aggregated_gradient_norm,aggregated_gradient_non_zero_fraction,aggregated_gradient_sparsity
0,0.0073080049999987295,0.004725249999999903,0.0002815789999957019,0.0005201380699872971,4.7888606786727905e-06,2.04332172870636e-06,0.017626570537686348,0.03046837479007536,36.074227855,0.03046837479007536,36.074227855,0.1215100105504494,0.13821667067856408,0.13893333333333335,2.298815392240693,0.1389,0.14015796723098542,0.990964004555132,0.009035995444867995
1,0.0024871239999981753,0.004206797000001927,0.0002709500000008802,0.0004907455295324326,5.329027771949768e-06,2.2724270820617676e-06,0.02054337039589882,0.028006588380286246,23.230698998,0.058474963170361605,59.304926853,0.18812512684303928,0.15115735139073652,0.15295,2.289417840257476,0.1529,0.14609434735156512,0.9894621313396379,0.010537868660362104
2,0.00213046400000394,0.0013001330000008693,0.0002752680000099872,0.00048758648335933685,4.757195711135864e-06,1.8440186977386475e-06,0.019621295854449272,0.02382134855223228,23.088761905000005,0.08229631172259388,82.393688758,0.23881171093714038,0.16092242823128075,0.16329166666666664,2.274793790865548,0.163,0.1464034204889038,0.9882985922001617,0.011701407799838304
3,0.0021284500000007256,0.0029578190000023596,0.0002643260000070313,0.0004808567464351654,5.239620804786682e-06,1.6633421182632446e-06,0.023238085210323334,0.029076439919691666,23.442780482000003,0.11137275164228555,105.83646924,0.2721811889989003,0.21368892518662774,0.21681666666666669,2.254222390017932,0.2176,0.14601356651837832,0.9810532917429982,0.018946708257001843
4,0.002202718999996023,0.0012987410000135924,0.0002705980000001773,0.000481676310300827,5.552545189857483e-06,1.73225998878479e-06,0.022530514746904373,0.026791533862393635,23.514350887000006,0.13816428550467919,129.35082012700002,0.29905710225874543,0.27762864132844894,0.280225,2.2274376651908776,0.2807,0.14583662082957233,0.9809460150847485,0.019053984915251454
5,0.002233918999991147,0.0013622299999838106,0.0002693159999864747,0.0004964005202054977,5.979090929031372e-06,1.7248094081878662e-06,0.024287819862365723,0.028657389282869872,23.377301121000016,0.16682167478754906,152.72812124800004,0.3148991875097897,0.3115218314526328,0.312425,2.1947779112224337,0.3122,0.14551533770867706,0.9757142149824232,0.024285785017576833
6,0.0021638270000039483,0.0013526719999958914,0.0002621020000219687,0.00048034079372882843,5.291774868965149e-06,1.7043203115463257e-06,0.024353189393877983,0.02861912728280913,23.46538011299998,0.1954408020703582,176.19350136100002,0.3277792512273065,0.32942635044492,0.330175,2.1568199411223206,0.3299,0.1450645330392177,0.9771170635903021,0.02288293640969785
7,0.0021808790000079625,0.0013397279999765033,0.000274625999992395,0.0004794895648956299,5.319714546203613e-06,1.5925616025924683e-06,0.02118130959570408,0.025462944436725365,23.025811672999993,0.22090374650708355,199.219313034,0.3395792046140471,0.3448352170158014,0.346025,2.11494195612171,0.3465,0.1445766791492559,0.9827614662243568,0.017238533775643217
8,0.002149881000008236,0.0013383650000093894,0.000269026000012218,0.00048313848674297333,4.816800355911255e-06,1.6838312149047852e-06,0.02107909694314003,0.025326008061483662,23.18563550799999,0.24622975456856722,222.404948542,0.3499374706217397,0.35103027478958543,0.35249166666666665,2.0692495575434044,0.3529,0.14409942594779956,0.9846594378703107,0.015340562129689261
9,0.002212638000003153,0.0013350590000129614,0.0002591070000050877,0.0004755239933729172,4.958361387252808e-06,1.5515834093093872e-06,0.02128610573709011,0.025574943675280792,23.25785592600002,0.271804698243848,245.66280446800002,0.35846985855262514,0.36070429157066214,0.3622666666666667,2.021860092501097,0.3626,0.14352407535487605,0.9916654288590715,0.008334571140928504
10,0.0021900959999925362,0.0013328349999710554,0.00026327500000888904,0.0005118828266859055,5.37186861038208e-06,1.6242265701293945e-06,0.017125224694609642,0.02143030961644854,23.34138987700001,0.29323500786029655,269.00419434500003,0.36784889573121743,0.36750547584344284,0.3694916666666667,1.973410669761368,0.3694,0.14272151472274383,0.9915911604033603,0.008408839596639739
11,0.002185037000003831,0.0013195900000368965,0.0002657599999906779,0.0004862528294324875,5.2209943532943726e-06,2.132728695869446e-06,0.016196301206946373,0.02046029475945943,23.09173876799997,0.313695302619756,292.095933113,0.3762314166133199,0.3768367616580424,0.378625,1.9254905709737464,0.3785,0.14185616024420802,0.9925153900744335,0.007484609925566543
12,0.002205405000040628,0.0013122260000386632,0.00027436499999566877,0.00048069655895233154,5.360692739486694e-06,1.8943101167678833e-06,0.01549956202507019,0.019779509586953736,23.278565651999997,0.3334748122067097,315.374498765,0.38432339002071036,0.3859810118662101,0.3872166666666666,1.8788081135930894,0.3876,0.14082675170665215,0.9922100642009539,0.007789935799046077
13,0.002187440999989576,0.0013702749999993102,0.0002675130000397985,0.0004886388778686523,5.3104013204574585e-06,1.7229467630386353e-06,0.014028426259756088,0.01834932748573692,23.177651510999965,0.35182413969244664,338.55215027599996,0.3922476579664152,0.39227596904043943,0.39360833333333334,1.8340961918046204,0.3936,0.13984507074468636,0.99357165255566,0.006428347444339955
14,0.0021927820000087195,0.0013105329999802962,0.0002669620000119721,0.0005004610866308212,5.260109901428223e-06,1.6205012798309326e-06,0.01574981026351452,0.020027428961327587,23.655649582000024,0.3718515686537742,362.207799858,0.40000049720934144,0.3998628657520656,0.40173333333333333,1.7919177888314934,0.4017,0.13868868864781705,0.9942565727583305,0.005743427241669541
15,0.0021785339999951248,0.0013235470000267924,0.0002682639999989078,0.00048057176172733307,5.207955837249756e-06,1.7248094081878662e-06,0.01494782418012619,0.019205673707119786,23.41911092800001,0.391057242360894,385.626910786,0.4069960263787822,0.4049408679184674,0.40775,1.7523765745042246,0.4077,0.13761497588523833,0.9944793781254642,0.005520621874535836
16,0.002214222000020527,0.001367020000031971,0.0002642470000182584,0.00048440881073474884,5.912035703659058e-06,1.7844140529632568e-06,0.015834679827094078,0.020172274087656206,23.313236442000004,0.4112295164485502,408.940147228,0.4151520583584792,0.4135826662855733,0.4157583333333334,1.7154048364373702,0.4153,0.13625506921151712,0.9933488471885263,0.0066511528114736596
17,0.0022108050000042567,0.0013245190000361617,0.00026576900000918613,0.000476885586977005,5.472451448440552e-06,1.7154961824417114e-06,0.01565304957330227,0.01993821610795976,23.598070818999986,0.43116773255651,432.538218047,0.4224768295520738,0.42027916482483424,0.422375,1.6811644065229199,0.4225,0.13496957637799353,0.9941162878975426,0.005883712102457417
18,0.00216808499999388,0.001330741999993279,0.0002682240000240199,0.00047615356743335724,4.978850483894348e-06,1.5739351511001587e-06,0.016106093302369118,0.02035585065544865,23.285564516000022,0.4515235832119586,455.823782563,0.42954233326767755,0.4278393908895671,0.430075,1.650066991395588,0.43,0.13334890150662365,0.9949084847584625,0.005091515241537503
19,0.0021682649999661407,0.0013158830000179478,0.00026637100000925784,0.0004883091896772385,5.1390379667282104e-06,1.7024576663970947e-06,0.015958063304424286,0.020203732989727996,23.500458682999977,0.4717273162016866,479.324241246,0.4365211828915134,0.4316869145792947,0.43421666666666664,1.6213204332544833,0.4339,0.1317714642731898,0.9950735257711542,0.004926474228845845
20,0.0022139309999715806,0.0013206119999722432,0.0002590770000097109,0.00046209990978240967,5.649402737617493e-06,1.775100827217102e-06,0.016236305236816406,0.020499449650117185,23.441032424000014,0.4922267658518038,502.76527367,0.4427607121608919,0.4388739167031603,0.4416,1.5949655982512463,0.4413,0.12990288041462814,0.9944463699229259,0.005553630077074101
21,0.0022025700000085635,0.0013366220000534668,0.00026837400002932554,0.0004958026111125946,5.360692739486694e-06,1.6354024410247803e-06,0.018061406910419464,0.022371771616803926,23.339197882000008,0.5145985374686077,526.104471552,0.4490754995756086,0.4450321043251029,0.4462416666666667,1.5701202486134782,0.4461,0.12815913771891746,0.9955521447079599,0.004447855292040059
22,0.0022000250000928645,0.0013462599999911617,0.0002605900000389738,0.00047362037003040314,4.827976226806641e-06,1.6819685697555542e-06,0.017042599618434906,0.02132960493338487,23.514595235,0.5359281424019926,549.619066787,0.4544943631367346,0.45116023498991953,0.45175000000000004,1.548244808293596,0.4517,0.12625819496213164,0.9955851529104982,0.004414847089501794
23,0.0021871409999221214,0.0013417510000408583,0.0002644170000394297,0.00048457086086273193,5.019828677177429e-06,1.944601535797119e-06,0.017378872260451317,0.021663716551529433,23.738106096000024,0.557591858953522,573.357172883,0.46026638900271544,0.45539400387210477,0.4570666666666667,1.5282875344723086,0.4569,0.12408776124372486,0.9957006816193824,0.004299318380617589
24,0.002199242999950002,0.001363321999974687,0.0002664910000476084,0.0004949085414409637,5.150213837623596e-06,1.862645149230957e-06,0.01895153895020485,0.023282516350604965,23.411607165999953,0.580874375304127,596.7687800489999,0.4665318637557084,0.4630168574238738,0.46363333333333334,1.5089567281022858,0.4636,0.12194732058243132,0.9958492185308049,0.0041507814691951195
25,0.0021612120000327195,0.0013512589999891134,0.0002731729999823074,0.00048620253801345825,5.358830094337463e-06,1.7136335372924805e-06,0.018209494650363922,0.02248841365201315,23.155509851000033,0.6033627889561402,619.9242899,0.4719030795088473,0.46852473690350166,0.4692416666666666,1.4924662203728398,0.469,0.11990187042862079,0.9958574705814395,0.0041425294185605255
26,0.002287399000010737,0.0013458000000809989,0.0002756179999323649,0.0004726368933916092,5.3104013204574585e-06,1.7713755369186401e-06,0.016981758177280426,0.021370293847553512,23.246648923999942,0.6247330828036937,643.1709388239999,0.4773891333217837,0.4727843598130361,0.4732583333333333,1.4769319114805777,0.4732,0.1177403069087282,0.9959482431384199,0.0040517568615801025
27,0.002169547999983479,0.00134181200007788,0.00025852600003872794,0.0005084965378046036,5.2209943532943726e-06,1.644715666770935e-06,0.017346059903502464,0.02163130815142722,23.333503253999993,0.6463643909551209,666.5044420779999,0.48182794901373244,0.4791407890297394,0.47980833333333334,1.4616794616361208,0.4794,0.11580285385890683,0.996954993315839,0.003045006684160967
28,0.0021633259999589427,0.001329708999946888,0.0002625430000762208,0.0004802718758583069,5.321577191352844e-06,1.5832483768463135e-06,0.01799624413251877,0.022238998833927326,23.129908486999966,0.6686033897890482,689.6343505649999,0.4861544368064558,0.48309343845221536,0.4833583333333333,1.4481626477422593,0.4839,0.11409693910547841,0.9970292617715503,0.002970738228449732
29,0.002216525999983787,0.0013371140000799642,0.0002666310000449812,0.0004866737872362137,5.340203642845154e-06,1.6149133443832397e-06,0.01747342012822628,0.021787320032558455,23.427007172999993,0.6903907098216067,713.0613577379999,0.4920761728608803,0.4883494499774668,0.4887250000000001,1.4357836774632902,0.4886,0.11210354470677507,0.9969384892145698,0.003061510785430155
30,0.0021343019999449098,0.001341220000085741,0.0002642760000526323,0.0004714448004961014,4.800036549568176e-06,1.6111880540847778e-06,0.016972657293081284,0.02119031131826432,23.346443938999982,0.711581021139871,736.4078016769998,0.4959416178364542,0.49323587525840534,0.49319166666666664,1.4235364907904515,0.4937,0.11082403865413837,0.9971282863791652,0.002871713620834826
31,0.002241303000005246,0.0013133789999528744,0.0002652590000025157,0.00047882087528705597,5.412846803665161e-06,1.6130506992340088e-06,0.017202701419591904,0.021508489192342495,23.182856251999965,0.7330895103322135,759.5906579289998,0.5003308857047976,0.49595644918961446,0.4971333333333334,1.4121733360652682,0.4973,0.10925762749090118,0.9973840999488373,0.002615900051162745
32,0.002141375000064727,0.0013268139999809136,0.00026050899998608656,0.00047041475772857666,5.1800161600112915e-06,1.914799213409424e-06,0.016819391399621964,0.021025598972755688,23.34910013199999,0.7541151093049692,782.9397580609998,0.5046176608427954,0.49853070906009567,0.5002666666666666,1.4015468736238117,0.5,0.10767088278653242,0.9971777986829727,0.002822201317027262
33,0.002232205999916914,0.0013633620000064184,0.0002677229999790143,0.0004700757563114166,5.759298801422119e-06,1.9166618585586548e-06,0.01887962408363819,0.023220666800511935,23.184515292000015,0.7773357761054811,806.1242733529998,0.5088313516330177,0.5007823669756447,0.502925,1.3918886999540692,0.5024,0.10627784130395072,0.9974583684045485,0.00254163159545151
34,0.002203992000090693,0.00131452999994508,0.00026932600007967267,0.0004727207124233246,4.999339580535889e-06,1.6838312149047852e-06,0.016523323953151703,0.020790575836485914,23.345835165999915,0.798126351941967,829.4701085189997,0.5136151711700995,0.5074454177845077,0.508275,1.3811720111702062,0.508,0.10492613381293005,0.9974171081513756,0.002582891848624369
35,0.0021883240000306614,0.0013446770000200559,0.0002767309999853751,0.0004738997668027878,5.709007382392883e-06,1.7546117305755615e-06,0.018777072429656982,0.02306816781560883,23.20080076199997,0.8211945197575758,852.6709092809997,0.5172731604460831,0.5106402900845849,0.51125,1.371704729297493,0.5114,0.1035727359458294,0.9975656450627981,0.002434354937201899
36,0.002130455000042275,0.0013347880000083023,0.0002656390000765896,0.000474805012345314,5.038455128669739e-06,1.7937272787094116e-06,0.0156398955732584,0.01985241476813826,23.38856663499996,0.8410469345257141,876.0594759159997,0.5214394581138618,0.5140725619125109,0.5139333333333335,1.3624995856345454,0.5134,0.10247603686675304,0.9975408889108943,0.002459111089105681
37,0.0021575749999556137,0.0013146609999239445,0.00026223299994398985,0.0004861932247877121,4.971399903297424e-06,1.5534460544586182e-06,0.017333077266812325,0.02156026433738134,23.180447138999966,0.8626071988630954,899.2399230549996,0.5255104495385362,0.5138787805060258,0.51545,1.3537728922276557,0.5144,0.1012561469477619,0.9976399135185093,0.002360086481490664
38,0.0021897760000229027,0.002947919999996884,0.0002667609999207343,0.00048574432730674744,5.561858415603638e-06,1.6242265701293945e-06,0.017621450126171112,0.023518837538404114,23.357594674999973,0.8861260364014996,922.5975177299996,0.5290709776542007,0.5177027397783515,0.518875,1.3452261128003085,0.5177,0.1000183881831041,0.9976564176197785,0.002343582380221476
39,0.0022183889999496387,0.0013911150000467387,0.00027271299995845766,0.0005153380334377289,5.09992241859436e-06,1.6316771507263184e-06,0.01823534071445465,0.022639627347416535,23.181663544000003,0.9087656637489161,945.7791812739996,0.5324503482107803,0.5181087327536242,0.5202666666666667,1.3367263742640048,0.5199,0.09908659835107837,0.9983743460249872,0.0016256539750127974
40,0.0022005760000638475,0.001331531999994695,0.00026676100003442116,0.000467497855424881,4.287809133529663e-06,1.7937272787094116e-06,0.01542627438902855,0.019698722780958633,23.41422447499997,0.9284643865298747,969.1934057489996,0.53669090546734,0.5218759211627092,0.5234,1.328145665458486,0.5231,0.09774512056865042,0.9976646696704131,0.002335330329586882
41,0.0021319069999208295,0.0013481639999781692,0.0002654189999020673,0.00048493221402168274,5.291774868965149e-06,1.730397343635559e-06,0.015459276735782623,0.019696721121817973,23.424272689999952,0.9481611076516927,992.6176784389995,0.5414642091458742,0.5264153938534685,0.5279666666666666,1.319862785218637,0.5272,0.09674358689900699,0.997705929923586,0.002294070076414023
42,0.00224356599994735,0.002904359000012846,0.0002628739999863683,0.0004952717572450638,4.980713129043579e-06,1.6130506992340088e-06,0.016948863863945007,0.022861528384964913,23.47137171600002,0.9710226360366576,1016.0890501549995,0.5445709253581036,0.5279379219311697,0.5295833333333333,1.3120978648149515,0.5293,0.0955855944566357,0.998555891138948,0.0014441088610519515
43,0.002200726999944891,0.0013719179999043263,0.00027675000001181616,0.00048406049609184265,4.757195711135864e-06,1.7452985048294067e-06,0.0159197635948658,0.02025972158503464,23.055635488999997,0.9912823576216923,1039.1446856439995,0.5467582528805541,0.5303803730677799,0.5322416666666667,1.3046784370760374,0.5321,0.09468420841347389,0.9984403624300638,0.0015596375699361564
44,0.002184736000117482,0.0013409999999112188,0.0002664810001533624,0.000491144135594368,4.8074871301651e-06,1.6652047634124756e-06,0.015744801610708237,0.020034635438378245,23.45299894499999,1.0113169930600705,1062.5976845889995,0.5512099090451128,0.5335476635010497,0.5354166666666665,1.2974089731144,0.5365,0.0934543218784847,0.9986384116452939,0.0013615883547061225
45,0.002208671000062168,0.0013343180000902066,0.0002768899998955021,0.0004977546632289886,4.978850483894348e-06,1.6316771507263184e-06,0.01636974886059761,0.020693993051509096,23.428763852999964,1.0320109861115796,1086.0264484419995,0.5544619891327858,0.5373589598620617,0.5387916666666667,1.2898889312261268,0.5397,0.09262450251590745,0.9986631677971975,0.0013368322028024515
46,0.0021882329999698413,0.0013495859998329252,0.00026181199996244686,0.00048683397471904755,4.990026354789734e-06,1.4510005712509155e-06,0.015251824632287025,0.019544730633697327,23.33827793399996,1.051555716745277,1109.3647263759995,0.5583201191525529,0.5415294103455305,0.5431833333333334,1.2826211874998068,0.5432,0.09162988454941967,0.9986136554933901,0.0013863445066099045
47,0.0021906669999225414,0.0013581230000454525,0.00026032000005216105,0.0004760958254337311,4.777684807777405e-06,1.6149133443832397e-06,0.01768145151436329,0.021973049937969336,23.085846458999868,1.0735287666832463,1132.4505728349993,0.5612527154931313,0.5428942816058412,0.5442416666666667,1.2757693166974224,0.5438,0.09039952635604545,0.9987952006073509,0.0012047993926490586
48,0.0021682049998617003,0.0013271140001052117,0.0002595079999991867,0.0004848223179578781,4.559755325317383e-06,1.8365681171417236e-06,0.015905674546957016,0.020151720188323452,23.500703289000057,1.0936804868715697,1155.9512761239994,0.565376423541292,0.5453724562965628,0.546625,1.2691010251829895,0.5475,0.0896835581977121,0.9987044280503705,0.0012955719496294815
49,0.0021876509999856353,0.001357852999944953,0.000264947999994547,0.0004902221262454987,4.6174973249435425e-06,1.603737473487854e-06,0.01819915696978569,0.022506052330754756,23.353656018000038,1.1161865392023245,1179.3049321419994,0.5676042163827071,0.5481514650646006,0.549025,1.2623661077475246,0.5489,0.08882358758097647,0.9987952006073509,0.0012047993926490586
50,0.0022175379999680445,0.0013354709999475745,0.00026701199999479286,0.0005013942718505859,4.848465323448181e-06,1.775100827217102e-06,0.018205104395747185,0.022533143233658848,23.51812892199996,1.1387196824359833,1202.8230610639994,0.5704893675479593,0.5501559782482726,0.5514249999999999,1.2561463841909095,0.5517,0.08809243773764044,0.998852964961793,0.0011470350382070116
51,0.0021861789998638415,0.001354114999912781,0.000274525999884645,0.00047930143773555756,4.649162292480469e-06,1.5310943126678467e-06,0.016995903104543686,0.02129620479854566,23.53209536999998,1.160015887234529,1226.3551564339994,0.5748077848767378,0.5535533468759768,0.5540583333333333,1.2495267542102668,0.5539,0.08700280182187317,0.9988282088098892,0.0011717911901107936
52,0.0022338690000651695,0.0013628110000354354,0.00026036999997813837,0.0004760958254337311,4.991888999938965e-06,1.601874828338623e-06,0.016562219709157944,0.020901959298498696,23.173299022000037,1.1809178465330277,1249.5284554559994,0.578084812761566,0.5556157129580178,0.5566500000000001,1.2429974365837966,0.5565,0.08628482989503787,0.9995708933670017,0.00042910663299833285
53,0.002165819999845553,0.001333507000026657,0.00028368299990688683,0.0004865657538175583,5.1781535148620605e-06,1.7546117305755615e-06,0.017858587205410004,0.022135095724252096,23.328081497000085,1.2030529422572798,1272.8565369529995,0.5818096573599599,0.5579153966928897,0.559375,1.2369085022165804,0.5595,0.0855822904431782,0.9994801208100212,0.0005198791899787558
54,0.0022008260000347946,0.0013476829999490292,0.0002663909999682801,0.0004740804433822632,4.999339580535889e-06,1.7527490854263306e-06,0.016829300671815872,0.0211250332038162,23.18873009899994,1.224177975461096,1296.0452670519994,0.5852845451811461,0.5619448850128096,0.5622250000000001,1.2306761545470999,0.5623,0.08494921219232869,0.9988859731643314,0.0011140268356686356
55,0.002210845000035988,0.0013845319999745698,0.00026303399999960675,0.0004891511052846909,5.1800161600112915e-06,1.8756836652755737e-06,0.01620633900165558,0.02056095680677572,23.349492975999965,1.2447389322678717,1319.3947600279994,0.5878113393815693,0.561928950546751,0.563825,1.2250497763669943,0.5642,0.08394902902609476,0.9996121536201746,0.00038784637982536285
56,0.0022112860001470835,0.0013535440000396193,0.0002625030001581763,0.0004725474864244461,4.967674612998962e-06,1.6540288925170898e-06,0.016247525811195374,0.020554028001470215,23.409108396999954,1.265292960269342,1342.8038684249993,0.5914046551568483,0.564507208195643,0.5662583333333333,1.2189239874670776,0.5661,0.08332138758016597,0.9994966249112904,0.0005033750887095678
57,0.002173224999978629,0.0013329460000477411,0.0002629539999361441,0.0004963837563991547,4.628673195838928e-06,1.6316771507263184e-06,0.017092211171984673,0.021363980278692907,23.0966811589999,1.2866569405480348,1365.9005495839992,0.5938460632489614,0.5670411322298562,0.5684750000000001,1.2133051390889324,0.5686,0.08268845416320425,0.9998184548860392,0.00018154511396084594
58,0.00216849599996749,0.0013565300000664138,0.0014951709999877494,0.0005040969699621201,4.908069968223572e-06,1.5832483768463135e-06,0.0146725382655859,0.020203323553914743,23.3807608919999,1.3068602641019496,1389.2813104759991,0.5962470343349747,0.5683663128950665,0.5700583333333333,1.2076730894137033,0.5699,0.0818093290362409,0.9998597151392121,0.00014028486078787594
59,0.0021531570000661304,0.0013478129999384691,0.00026863499988394324,0.0004855915904045105,4.507601261138916e-06,1.5329569578170776e-06,0.017387058585882187,0.021648295734394196,23.220819151000114,1.3285085598363437,1412.5021296269992,0.5999383333518412,0.5704019542432238,0.5716833333333333,1.2026225471798377,0.5712,0.08092928565327767,0.9998514630885775,0.00014853691142246994
60,0.002244087999997646,0.002873980999993364,0.0002671920001375838,0.0004917234182357788,4.598870873451233e-06,1.7918646335601807e-06,0.01635751500725746,0.022240890161128846,23.444701173999874,1.3507494499974726,1435.9468308009991,0.6032580316543702,0.5726911925916673,0.57475,1.1971641039546532,0.5748,0.08029970428297595,0.9997606905315971,0.0002393094684028929
61,0.0022129389999463456,0.0013299199999892153,0.00027321299990035186,0.0004840400069952011,4.5280903577804565e-06,1.644715666770935e-06,0.01982417143881321,0.024130456251668875,23.30797828499999,1.3748799062491415,1459.254809085999,0.6059274583769685,0.5755576175380925,0.5771666666666666,1.191791753980178,0.5764,0.07948239400348582,0.9997771946328663,0.0002228053671337049
62,0.002145591999806129,0.0013698440000098344,0.00027116900014334533,0.0004825778305530548,4.587695002555847e-06,1.7434358596801758e-06,0.019138026982545853,0.023413540943920452,23.440783611999905,1.398293447193062,1482.695592697999,0.608994337981017,0.5774928118390079,0.5788333333333333,1.1868145307408104,0.5779,0.07885312953931999,0.9999174794936542,8.252050634582897e-05
63,0.002194114000076297,0.0013502480001079675,0.00026768299994728295,0.00047338008880615234,4.798173904418945e-06,1.562759280204773e-06,0.018114376813173294,0.022406162835295618,23.09327627799985,1.4206996100283575,1505.7888689759989,0.6117669891519955,0.5792253526349623,0.5806083333333334,1.1816416096083726,0.5802,0.07809792674948238,0.999942235645558,5.776435444204697e-05
64,0.0021694869999464572,0.0013516409999283496,0.00027056799990532454,0.0004933662712574005,4.837289452552795e-06,1.5515834093093872e-06,0.019585030153393745,0.02387648129729314,23.351575620000176,1.4445760913256507,1529.140444595999,0.6146879633457378,0.5803468049251771,0.5808833333333333,1.1767108191417743,0.5802,0.07747226845213702,0.9999587397468271,4.1260253172858974e-05
65,0.0021324379999896337,0.0013756550001744472,0.0002687650001007569,0.0004737395793199539,5.591660737991333e-06,2.0228326320648193e-06,0.01820395141839981,0.02246216349135466,23.472482948000106,1.4670382548170053,1552.6129275439991,0.6171835709445961,0.5826357362335788,0.5837,1.1717001742954496,0.5837,0.07689417292560928,0.9999587397468271,4.1260253172858974e-05
66,0.0021918699999332603,0.0013123460000770137,0.0002699169999687001,0.00048244744539260864,5.068257451057434e-06,1.860782504081726e-06,0.01678599789738655,0.021049507382713273,23.43460829899982,1.4880877621997186,1576.047535842999,0.6200797826662738,0.5846004367493096,0.5854750000000001,1.1676085523412199,0.5849,0.07629548525763939,0.9999504876961925,4.951230380745297e-05
67,0.0021334390000902204,0.0013768579999577923,0.0002645980000579584,0.0004903022199869156,4.889443516731262e-06,2.0936131477355957e-06,0.01714044250547886,0.021412622782236213,23.40716515200006,1.5095003849819548,1599.454700994999,0.623192104747163,0.5857262849628059,0.5865916666666667,1.1634635593317733,0.5867,0.0754836450418674,0.9999669917974616,3.3008202538376e-05
68,0.002184315000022252,0.0013693239998247009,0.0002660400000422669,0.0004892274737358093,4.708766937255859e-06,1.5944242477416992e-06,0.017820274457335472,0.0221354841221455,23.262751464000075,1.5316358691041003,1622.717452458999,0.6259019938215898,0.5877890039267911,0.588275,1.1588309520407567,0.5891,0.07485832743400597,0.9999834958987308,1.6504101269188e-05
69,0.002164318000041021,0.0013366519999635784,0.0002671520001058525,0.00048630498349666595,5.228444933891296e-06,1.7527490854263306e-06,0.016952672973275185,0.02121408115090162,23.33327390699992,1.552849950255002,1646.050726365999,0.6274316995911478,0.5912957125901583,0.5905416666666666,1.1544757002516637,0.5899,0.07447119029457094,1.0,0.0
70,0.0022142519999306387,0.0013266839998777868,0.0002641669998411089,0.00048142485320568085,4.7013163566589355e-06,1.6726553440093994e-06,0.019460465759038925,0.02375336758359481,23.24775088399997,1.5766033178385968,1669.298477249999,0.6314104378392719,0.5914943572229697,0.5917833333333334,1.1502723256243934,0.5925,0.07367144241287434,0.9999752438480962,2.4756151903781998e-05
71,0.0021727839998675336,0.0028993590001391567,0.0002688760000637558,0.0004850197583436966,4.6193599700927734e-06,1.7713755369186401e-06,0.019910022616386414,0.025742452110307568,23.380598716000122,1.6023457699489043,1692.6790759659991,0.6339245735817411,0.5928068390485306,0.5935499999999999,1.1463069870502134,0.5934,0.0732416008878495,1.0,0.0
72,0.0021884929999487213,0.0013345889999527571,0.00026492799997868133,0.0004680100828409195,4.626810550689697e-06,1.7639249563217163e-06,0.017895154654979706,0.022157565473207796,23.174344453000003,1.6245033354221121,1715.8534204189991,0.6371157444939861,0.5936477229939273,0.5948583333333333,1.1426750617691233,0.5951,0.07269424395971932,1.0,0.0
73,0.0021202849998189777,0.0013461699998060794,0.00025975800008382066,0.0004949700087308884,5.239620804786682e-06,1.775100827217102e-06,0.017244290560483932,0.021472488290555702,23.478223006000007,1.6459758237126678,1739.3316434249991,0.6386390629113575,0.5960375391774914,0.5962916666666668,1.138420768176453,0.5967,0.07215104951761613,1.0,0.0
74,0.002236593000134235,0.00133834600001137,0.0002680539998891618,0.00047348812222480774,4.958361387252808e-06,1.5851110219955444e-06,0.017677003517746925,0.022000028112415748,23.171562212000026,1.6679758518250836,1762.5032056369992,0.6413521986903837,0.5965594455226365,0.5983333333333335,1.135052342958088,0.5988,0.0714909737803627,1.0,0.0
75,0.0022561399998721754,0.0013618089999454241,0.0002745150000009744,0.0005105398595333099,4.639849066734314e-06,1.6335397958755493e-06,0.020388230681419373,0.024797507929633866,23.24949536500003,1.6927733597547174,1785.7527010019992,0.6439788907316334,0.5983212765958195,0.5996166666666668,1.1313630357573303,0.5995,0.0709817406114895,1.0,0.0
76,0.002233216999911747,0.001345458000059807,0.00026773300010063394,0.0004827473312616348,4.949048161506653e-06,1.7136335372924805e-06,0.018130837008357048,0.02246665502138967,23.18491690100018,1.715240014776107,1808.9376179029994,0.6466276693814331,0.6002085105248499,0.6008166666666667,1.1277950473978549,0.6002,0.07039048093947854,1.0,0.0
77,0.0022565310000572936,0.001314149000108955,0.0002725020001435041,0.00047772936522960663,5.3122639656066895e-06,1.5925616025924683e-06,0.020178483799099922,0.02450629999020748,23.226734547000206,1.7397463147663146,1832.1643524499996,0.648920937722801,0.6003005113179186,0.6012833333333333,1.124045651924761,0.6021,0.06981077323719447,1.0,0.0
78,0.002175909000015963,0.0013212829999247333,0.0002663210000264371,0.0004980657249689102,4.7292560338974e-06,1.6242265701293945e-06,0.01954875886440277,0.02381669107194284,23.306002360000093,1.7635630058382574,1855.4703548099997,0.6518988420611734,0.6012939881756597,0.6025999999999999,1.1209044116961806,0.603,0.06933110091449447,1.0,0.0
79,0.00218233199984752,0.001333266000074218,0.0002666709999630257,0.00046958401799201965,4.891306161880493e-06,2.333894371986389e-06,0.018057528883218765,0.022316607101629415,23.09723231199996,1.7858796129398868,1878.5675871219996,0.6545184402405461,0.6023574943834219,0.6032916666666667,1.1179111939442308,0.6037,0.0690402090614579,1.0,0.0
80,0.0021824810000907746,0.0013376040001276124,0.00026389600020593207,0.00048147328197956085,5.338340997695923e-06,1.7024576663970947e-06,0.01777486689388752,0.022047361974955493,23.51595036599997,1.8079269749148423,1902.0835374879996,0.6573503718869228,0.6025876585953315,0.6034583333333333,1.1146187631389763,0.6041,0.06865052205168416,1.0,0.0
81,0.002129451999962839,0.0013300200000685436,0.00026042900003631075,0.0004679877310991287,4.909932613372803e-06,1.991167664527893e-06,0.01922127604484558,0.023416065876290304,23.195484719999968,1.8313430407911326,1925.2790222079996,0.6598882221695317,0.6035252141451298,0.6041416666666667,1.1114978382859049,0.6045,0.06795837242105987,1.0,0.0
82,0.0021389999999428255,0.00136852200012072,0.00027007799985767633,0.0004841405898332596,4.518777132034302e-06,1.6223639249801636e-06,0.017537660896778107,0.021805542627589602,23.285831556000176,1.8531485834187222,1948.5648537639997,0.6620093317855907,0.6049483249934846,0.6054583333333333,1.1089519398121894,0.6052,0.06740243533982392,1.0,0.0
83,0.0021823019999374083,0.0013488849999703234,0.00027294300002722593,0.0004739183932542801,4.6174973249435425e-06,1.6838312149047852e-06,0.01837352104485035,0.022657870766579435,23.375511942000003,1.8758064541853017,1971.9403657059997,0.6639945314792405,0.6077767795046509,0.607675,1.1060524152804025,0.6073,0.06667687273401689,1.0,0.0
84,0.0021340309999686724,0.0013252409999040538,0.00026424700013194524,0.00048573315143585205,5.239620804786682e-06,1.6316771507263184e-06,0.020111028105020523,0.02432715155441656,23.086749744999906,1.9001336057397182,1995.0271154509996,0.6660856995172809,0.6075527565354568,0.6086,1.1033902062645442,0.6085,0.06636149805096245,1.0,0.0
85,0.0021598890000404936,0.0013300299999627896,0.0002674529998785147,0.0004765558987855911,4.598870873451233e-06,1.5925616025924683e-06,0.017124366015195847,0.02136448534633928,23.407526608999888,1.9214980910860575,2018.4346420599995,0.6689390185897665,0.6086840554330777,0.6100499999999999,1.1005713207812249,0.611,0.06608398456424878,1.0,0.0
86,0.002175669000052949,0.0013373340000271128,0.0002727930000219203,0.00048399902880191803,4.539266228675842e-06,1.5441328287124634e-06,0.020150791853666306,0.024426670281627594,23.523266152000133,1.945924761367685,2041.9579082119997,0.6709241690161241,0.6105856336471075,0.6106833333333334,1.0974829204474823,0.6105,0.0655993354853401,1.0,0.0
87,0.0022172979997776565,0.0013740320000579231,0.0002651680001690693,0.0004844199866056442,4.520639777183533e-06,1.7601996660232544e-06,0.017942404374480247,0.022289603200533747,23.612241472000278,1.9682143645682189,2065.570149684,0.6743552552854576,0.6109202371110606,0.6111249999999999,1.0949567933625812,0.6101,0.0651385559016746,1.0,0.0
88,0.0021574450001935475,0.0013554080001085822,0.00026808399979927344,0.0004743989557027817,5.2265822887420654e-06,1.6745179891586304e-06,0.0197729654610157,0.024035202517097787,23.51824713699989,1.9922495670853166,2089.088396821,0.6761535982491788,0.6124436009154622,0.6128583333333334,1.0924609024313432,0.6118,0.06453378253971868,1.0,0.0
89,0.0021486689997800568,0.0013626710001517495,0.0002664009998625261,0.0004964936524629593,4.479661583900452e-06,1.7527490854263306e-06,0.021244319155812263,0.025524786218738882,23.448425843000223,2.0177743533040555,2112.5368226640003,0.6778910223631955,0.6139189318193728,0.6138833333333333,1.0900338495833963,0.6131,0.06414375997155387,1.0,0.0
90,0.002179907000027015,0.0013507389999176667,0.0002646869997988688,0.0004835166037082672,4.859641194343567e-06,1.903623342514038e-06,0.019989008083939552,0.024274620951928227,23.436342968999725,2.0420489742559838,2135.973165633,0.6807631374730807,0.615446319212075,0.6154833333333333,1.0870013154005702,0.6153,0.0639324731394585,1.0,0.0
91,0.0022332569997161045,0.0013285370000630792,0.00026463699987289147,0.0004875771701335907,4.6584755182266235e-06,1.5832483768463135e-06,0.0177657101303339,0.02208596002401464,23.538723534999917,2.0641349342799984,2159.511889168,0.6826261122332519,0.6176099838802049,0.6167916666666667,1.085507107686393,0.6163,0.06336168115030245,1.0,0.0
92,0.0021457230000123673,0.0013503979998858995,0.0002667809999366,0.0004850216209888458,5.057081580162048e-06,1.8309801816940308e-06,0.018566256389021873,0.022821068071607442,23.47027574399999,2.086956002351606,2182.982164912,0.6848920122364573,0.6185986663126305,0.618075,1.0835386982446984,0.6175,0.06303678486345365,1.0,0.0
93,0.002187009999943257,0.001351480000266747,0.0002621730000100797,0.00048603303730487823,4.8074871301651e-06,2.171844244003296e-06,0.017322387546300888,0.02161606291520002,23.507935449999877,2.108572065266806,2206.490100362,0.6872029133296281,0.6207660694103039,0.6201916666666666,1.081107825418062,0.6202,0.06272067503952716,1.0,0.0
94,0.002188853999996354,0.0013094010000713752,0.0002699869996831694,0.0004843510687351227,5.071982741355896e-06,1.6540288925170898e-06,0.020862169563770294,0.02512148864389019,23.396014943999944,2.133693553910696,2229.8861153059997,0.6896076324454987,0.6220240684694068,0.6215666666666666,1.0794937444638601,0.6217,0.06228590310609112,1.0,0.0
95,0.0021644579996973334,0.0013457300001391559,0.00026800400019055814,0.00046484358608722687,4.6584755182266235e-06,1.564621925354004e-06,0.021358994767069817,0.02560825345062767,23.509314913999788,2.1593018073613237,2253.3954302199995,0.691417445285813,0.6229056367738638,0.6223166666666666,1.0773391210580174,0.6225,0.061915654608417754,1.0,0.0
96,0.0021698379996450967,0.0013502379997589742,0.0002651179997883446,0.00048749707639217377,4.719942808151245e-06,1.5422701835632324e-06,0.018132587894797325,0.02241154118337363,23.73982068999976,2.1817133485446973,2277.1352509099993,0.6945743775602775,0.6249886360785336,0.624125,1.0746923511541342,0.6244,0.06143197881094859,1.0,0.0
97,0.0021932419999757258,0.0013611680001304194,0.000267422999968403,0.0004945304244756699,5.5711716413497925e-06,1.7434358596801758e-06,0.023112380877137184,0.027436058909188432,23.29823634000013,2.2091494074538858,2300.4334872499994,0.6964701861670478,0.6246750848744816,0.6244500000000001,1.0725631306443033,0.625,0.06119018556546444,1.0,0.0
98,0.002151192999917839,0.0013543760001084593,0.0002663210002538108,0.0004784390330314636,4.969537258148193e-06,1.5813857316970825e-06,0.018910272046923637,0.023167152003225056,23.329620690999946,2.232316559457111,2323.7631079409994,0.6979634388729995,0.6249039349921857,0.6250916666666666,1.070507262326494,0.6255,0.060739147270948375,1.0,0.0
99,0.0022289489998001955,0.001306255000145029,0.0002687659998628078,0.0004789475351572037,4.889443516731262e-06,1.7136335372924805e-06,0.01786602847278118,0.02215554908480044,23.383860491000178,2.2544721085419113,2347.1469684319995,0.7014642044122509,0.6261741941030774,0.6253666666666666,1.0692106508001495,0.6252,0.06051237961063515,1.0,0.0
100,0.0022301620001599076,0.0013475830000970745,0.00026943700004267157,0.0004918240010738373,5.09992241859436e-06,1.6223639249801636e-06,0.020991232246160507,0.025336960533877573,23.290126335999958,2.279809069075789,2370.4370947679995,0.7026418422172375,0.6264699242002416,0.625725,1.067451692834685,0.6266,0.06007658393977818,1.0,0.0
101,0.002168645999972796,0.0014451070001086919,0.0002650579999681213,0.00046646781265735626,4.455447196960449e-06,1.8943101167678833e-06,0.018483320251107216,0.02283494882112791,23.31404938600008,2.3026440178969168,2393.7511441539996,0.7055112297614844,0.6281830734345974,0.6274333333333334,1.0657862251317953,0.6281,0.0596620835559718,1.0,0.0
102,0.002126846999999543,0.00135624899985487,0.00027040799977839924,0.0004978068172931671,4.520639777183533e-06,1.695007085800171e-06,0.018750060349702835,0.023007586813491798,23.100825753999743,2.3256516047104085,2416.8519699079993,0.7076488810042473,0.6287650466883454,0.628475,1.0639445238475558,0.6291,0.05941251135440745,1.0,0.0
103,0.0021714709996558668,0.0013374840000324184,0.00026248299991493695,0.00048567168414592743,5.038455128669739e-06,1.691281795501709e-06,0.017838282510638237,0.022102121931311558,23.468286222999723,2.34775372664172,2440.320256130999,0.709407419973559,0.630086601324989,0.6298833333333335,1.062245154682594,0.6293,0.05908379993640194,1.0,0.0
104,0.002151513999706367,0.0013311020002220175,0.00026982700001099147,0.0004641339182853699,4.606321454048157e-06,1.5106052160263062e-06,0.017353035509586334,0.021575729354481155,23.156456805999824,2.3693294559962013,2463.476712936999,0.7116578628794845,0.6303182519016198,0.6301000000000001,1.0610598642614824,0.6297,0.05864351770559274,1.0,0.0
105,0.0021709709999413462,0.0013396979998105962,0.00026497799990465865,0.00047932006418704987,4.939734935760498e-06,1.6354024410247803e-06,0.018189845606684685,0.02245138780790512,23.545168846999786,2.3917808438041064,2487.0218817839987,0.7126838706345873,0.631076268952405,0.6307916666666666,1.0601957968518705,0.6301,0.058265416345841245,1.0,0.0
106,0.0022028399998816894,0.0013670389998878818,0.00026647100003174273,0.0004766974598169327,5.198642611503601e-06,1.73225998878479e-06,0.016184920445084572,0.020504898807303107,23.233405724000022,2.4122857426114095,2510.2552875079987,0.7157575470112111,0.6319739717317753,0.6315583333333334,1.0590107810648182,0.6307,0.05818153627486577,1.0,0.0
107,0.0022283779999270337,0.001340979999895353,0.0002715199998419848,0.0004948005080223083,4.760921001434326e-06,2.1141022443771362e-06,0.017857663333415985,0.022200216864348477,23.15434874599987,2.434485959475758,2533.4096362539985,0.7175512492019726,0.6332837459652815,0.6328499999999999,1.0566935162001019,0.633,0.05761065079528855,1.0,0.0
108,0.002182792999974481,0.001315282000177831,0.0002621230000841024,0.00046738795936107635,4.667788743972778e-06,1.8365681171417236e-06,0.01663062535226345,0.020864715668722056,23.18903338300015,2.45535067514448,2556.5986696369987,0.7200042597402163,0.6343481069021623,0.6341166666666668,1.055929097948195,0.634,0.05745308507529592,1.0,0.0
109,0.0022179879997565877,0.0013173260003895848,0.00026945599984173896,0.00047824904322624207,4.477798938751221e-06,1.7527490854263306e-06,0.021330831572413445,0.025620081163651776,23.418082200999834,2.480970756308132,2580.0167518379985,0.7210114295343852,0.6339300615023902,0.634625,1.0559474282626864,0.6342,0.056973782161754874,1.0,0.0
110,0.0022372349999386643,0.0013694940003006195,0.0002664909998202347,0.00047844089567661285,4.6193599700927734e-06,1.7154961824417114e-06,0.021009117364883423,0.02536711311677209,23.645240968000053,2.506337869424904,2603.6619928059986,0.7242724883802757,0.6363515179714251,0.6355833333333334,1.0543761011920398,0.6356,0.05677660525629279,1.0,0.0
111,0.002148657999896386,0.0013475630003085826,0.0002673630001481797,0.00047916360199451447,4.516914486885071e-06,1.6838312149047852e-06,0.01780306175351143,0.02205201010156088,23.127950002000034,2.5283898795264648,2626.7899428079986,0.7263434858468168,0.6353425115217458,0.6353,1.0537878274917603,0.6351,0.056440697858632635,1.0,0.0
112,0.0022266249998210697,0.0013222349998613936,0.0002808979998007999,0.00046441517770290375,5.04031777381897e-06,1.6316771507263184e-06,0.01771535538136959,0.022016200553480303,23.126987090000057,2.550406080079945,2649.9169298979987,0.7282537598848692,0.6364834389539308,0.6359333333333332,1.0532019764562197,0.6358,0.056289186727944196,1.0,0.0
113,0.0022277769999163866,0.0013253609999992477,0.0002614519999042386,0.0004970654845237732,5.010515451431274e-06,1.6223639249801636e-06,0.019402457401156425,0.023720745764876483,23.110410924000007,2.5741268258448216,2673.0273408219987,0.7301374513598219,0.6358866198022369,0.6357083333333332,1.0524684937694404,0.6353,0.05591993544491287,1.0,0.0
114,0.0021611110000776534,0.0013539339997805655,0.00026845399997910135,0.00048169679939746857,4.548579454421997e-06,1.603737473487854e-06,0.017780208960175514,0.022051557076338213,23.353225905999807,2.5961783829211598,2696.3805667279985,0.7314863958583407,0.6362571123273456,0.6359,1.0521657708324963,0.6356,0.0556851065641514,1.0,0.0
115,0.0021650090002367506,0.0013445969998429064,0.00026928599982056767,0.0004911720752716064,4.760921001434326e-06,1.6242265701293945e-06,0.018742555752396584,0.02301900497513998,23.047414240000307,2.6191973878962997,2719.427980967999,0.7337258588091076,0.6377548468514935,0.6366583333333334,1.0514799597897106,0.6369,0.05545992205810038,1.0,0.0
116,0.0022092120002525917,0.002970192999782739,0.0002642869999363029,0.0004822779446840286,4.518777132034302e-06,1.6521662473678589e-06,0.020715676248073578,0.026647817136108642,23.482432031999906,2.6458452050324084,2742.9104129999987,0.7363187226463802,0.637490414984689,0.636425,1.0505507143237922,0.6364,0.055215273945953235,1.0,0.0
117,0.0022519019998981094,0.001335950999873603,0.0002632949999679113,0.0004893001168966293,5.129724740982056e-06,1.5031546354293823e-06,0.016730036586523056,0.02107711758253572,23.117525629999818,2.666922322614944,2766.0279386299985,0.7372176416787153,0.6388081683762312,0.6372166666666667,1.0505615450158905,0.6364,0.054856549671456,1.0,0.0
118,0.00226526799997373,0.0013468719998854795,0.0002653890001056425,0.0004921350628137589,5.031004548072815e-06,1.695007085800171e-06,0.01812480390071869,0.022501193975131173,23.13500813599967,2.6894235165900753,2789.162946765998,0.7403872268051749,0.6386505449137047,0.6372416666666666,1.0497728344760364,0.6372,0.05470640508380211,1.0,0.0
119,0.002183043000059115,0.001366198000141594,0.0002723019997574738,0.00048130378127098083,4.626810550689697e-06,1.5720725059509277e-06,0.01899070292711258,0.023299748591398384,23.434734059999755,2.7127232651814737,2812.597680825998,0.7413431413075702,0.6384732777379994,0.6370833333333332,1.0497698202917847,0.6364,0.05425299499810714,1.0,0.0
120,0.0021557810000558675,0.0013288079999256297,0.0002650380001796293,0.00048326700925827026,4.7478824853897095e-06,1.7043203115463257e-06,0.019610246643424034,0.023849592855640367,23.296238024000104,2.736572858037114,2835.893918849998,0.7433779352746576,0.639153239348924,0.6373333333333334,1.0496311134929899,0.6382,0.05415660758451736,1.0,0.0
121,0.0022352109999701497,0.0013299389997882827,0.0002613510000628594,0.0004735700786113739,5.038455128669739e-06,1.6745179891586304e-06,0.017860418185591698,0.02216720223714219,23.04311411000026,2.7587400602742562,2858.9370329599983,0.7451018264414183,0.6392985075724477,0.6376583333333334,1.049465779262253,0.6376,0.05377665472641059,1.0,0.0
122,0.0021597189997919486,0.0028719169999931182,0.00026088999993589823,0.00049557164311409,4.375353455543518e-06,1.7955899238586426e-06,0.018099935725331306,0.023894204311545764,23.34622302400021,2.782634264585802,2882.2832559839985,0.7478962760451647,0.6395234506251846,0.6378333333333333,1.0494660795489443,0.6375,0.05361535843481578,1.0,0.0
123,0.002230392999990727,0.0013350590002119134,0.0002603490002002218,0.00048379041254520416,4.548579454421997e-06,1.7136335372924805e-06,0.019999966025352478,0.02431581965129226,23.485192910000023,2.8069500842370942,2905.7684488939985,0.7487278734984892,0.6395363475275672,0.6375666666666667,1.0498024783556974,0.6369,0.05339982645800121,1.0,0.0
124,0.0022258240001065133,0.001324549999935698,0.00026185200022155186,0.0004868265241384506,4.7013163566589355e-06,1.695007085800171e-06,0.01795283704996109,0.022258285897805763,23.114784700999735,2.8292083701349,2928.8832335949983,0.7512717149646208,0.6400526096200915,0.6382416666666667,1.049118307572377,0.638,0.053301097602737296,1.0,0.0
125,0.0021920399999544316,0.001363552999919193,0.000265008000042144,0.0004906933754682541,4.647299647331238e-06,1.73225998878479e-06,0.01714920811355114,0.02146688204857128,23.247265151999727,2.8506752521834713,2952.130498746998,0.7531069675454559,0.6412668411916002,0.6391749999999999,1.0485933158971086,0.6392,0.052957513951280566,1.0,0.0
126,0.0022213960000954103,0.0013106330002301547,0.0002661500002432149,0.0004842616617679596,5.412846803665161e-06,1.6540288925170898e-06,0.016519060358405113,0.020808567896438035,23.356828834000225,2.8714838200799093,2975.487327580998,0.7546224064867655,0.6404648751982732,0.6386916666666665,1.0488019351717792,0.6388,0.05265512005410808,1.0,0.0
127,0.0022227780000321218,0.0013307909998729883,0.0002626429995871149,0.0004852320998907089,4.569068551063538e-06,1.5720725059509277e-06,0.016156058758497238,0.020463643998937187,23.17777306800008,2.8919474640788465,2998.6651006489983,0.7562872119992484,0.6402131676162894,0.6393333333333333,1.0481173101859758,0.6403,0.05241608148007299,1.0,0.0
128,0.002186009000070044,0.001346971999737434,0.0002617919999465812,0.00048558227717876434,4.678964614868164e-06,1.69314444065094e-06,0.01649424619972706,0.0207809735857154,23.45877764199986,2.912728437664562,3022.123878290998,0.7589298566335311,0.6416301609900756,0.63995,1.0481819050221504,0.6398,0.05235647524074398,1.0,0.0
129,0.0022282779996203317,0.0013384260000748327,0.00026867499991567456,0.00047764740884304047,4.088506102561951e-06,1.6242265701293945e-06,0.019002629444003105,0.023321368585129676,23.439838992000205,2.9360498062496916,3045.5637172829984,0.7609514336323367,0.6421195440331539,0.6402833333333333,1.0481710592402687,0.6403,0.05194163042663975,1.0,0.0
130,0.002191298999605351,0.0013358710002648877,0.00029141799996068585,0.00046640820801258087,4.809349775314331e-06,1.6819685697555542e-06,0.01778835617005825,0.022079843696246826,23.394457328000044,2.9581296499459384,3068.9581746109984,0.7629940450745906,0.64150871912869,0.6406583333333333,1.0484863459309446,0.6406,0.051981828300995694,1.0,0.0
131,0.002164046999951097,0.0013354900002013892,0.0002608099998724356,0.00048259831964969635,4.706904292106628e-06,1.644715666770935e-06,0.016476549208164215,0.02072584614779771,23.37991275100012,2.978855496093736,3092.3380873619985,0.7647725969065137,0.6412620222623162,0.641075,1.0485941858231267,0.6405,0.05169992768357079,1.0,0.0
132,0.002211256999999023,0.0013540550003199314,0.0002621220000946778,0.0004893094301223755,4.6603381633758545e-06,1.6633421182632446e-06,0.015968825668096542,0.02029189277891419,23.35362420699994,2.9991473888726503,3115.6917115689985,0.7656080706693289,0.6419718864110157,0.6415666666666667,1.048183426826815,0.6415,0.05138874684791587,1.0,0.0
133,0.002193453000018053,0.0013433450003503822,0.000283381999906851,0.0004845932126045227,4.958361387252808e-06,1.6130506992340088e-06,0.01577519252896309,0.020086537153929385,23.46870230600007,3.0192339260265797,3139.1604138749985,0.7675312369169788,0.6421717315735515,0.6417333333333334,1.0480896174153196,0.6413,0.05113347121343149,1.0,0.0
134,0.0022322049999274896,0.001336191000063991,0.0002599990002636332,0.0004923827946186066,4.7869980335235596e-06,1.8328428268432617e-06,0.016216352581977844,0.02054375021771193,23.415291989000252,3.0397776762442916,3162.575705863999,0.769043559201556,0.642837196793029,0.642475,1.0480621170394029,0.6423,0.05089844113560738,1.0,0.0
135,0.002140502999736782,0.0013713479997932154,0.000263343999904464,0.00048644281923770905,4.990026354789734e-06,1.8049031496047974e-06,0.017999012023210526,0.02226744477138709,23.467614654000045,3.0620451210156787,3186.043320517999,0.7698279977483976,0.6422827167429359,0.6427083333333332,1.0482877070390726,0.6433,0.05074073230238771,1.0,0.0
136,0.002181900999858044,0.0013232969999990019,0.00027065900030720513,0.00048528239130973816,5.146488547325134e-06,1.9650906324386597e-06,0.019444908946752548,0.0237131599174063,23.113968613999987,3.085758280933085,3209.157289131999,0.773327985981281,0.643895089233327,0.6431833333333333,1.049585469915897,0.6429,0.05056551151475272,1.0,0.0
137,0.002164368000194372,0.0013569000002462417,0.0002649479997671733,0.0004920549690723419,4.498288035392761e-06,1.6633421182632446e-06,0.016352316364645958,0.020636748964079743,23.61557876200004,3.1063950298971648,3232.772867893999,0.774908384373289,0.6436828303286379,0.6432416666666666,1.0502257384831393,0.643,0.05050712830549305,1.0,0.0
138,0.002137889000096038,0.0013594250003734487,0.0002689250000003085,0.0004912745207548141,4.667788743972778e-06,1.5422701835632324e-06,0.016635699197649956,0.0208994227778021,23.198286154000016,3.127294452674967,3255.971154047999,0.7775417334819231,0.6442592125905121,0.6432999999999999,1.050875234452984,0.6434,0.05045105708984136,1.0,0.0
139,0.002199184000346577,0.0013574710001194035,0.00026008900022134185,0.0005047768354415894,4.591420292854309e-06,1.601874828338623e-06,0.017497139051556587,0.02182485318280669,23.348126186000172,3.1491193058577736,3279.319280233999,0.7775726676664906,0.6437952076070963,0.6431583333333333,1.0512986447237715,0.6423,0.05001160414963597,1.0,0.0
140,0.0021356940001169278,0.0013600560000668338,0.0002652480002325319,0.00048232264816761017,4.647299647331238e-06,1.4919787645339966e-06,0.016808954998850822,0.02105841492584659,23.219496932999846,3.17017772078362,3302.538777166999,0.7805712730808411,0.6440079635956327,0.643625,1.0524328411379946,0.6427,0.049761452977932184,1.0,0.0
141,0.0021806290001222806,0.0013191699999879347,0.00026191300003119977,0.0005003400146961212,4.738569259643555e-06,1.6205012798309326e-06,0.017234232276678085,0.021502643362055096,23.36477472000024,3.1916803641456752,3325.903551886999,0.7804827663711316,0.6437822072803602,0.643325,1.0529651913461806,0.643,0.049749254299680835,1.0,0.0
142,0.00215360900028827,0.001339346999884583,0.00026847399976759334,0.00048216432332992554,4.647299647331238e-06,1.7154961824417114e-06,0.01654852367937565,0.020798480798475794,23.257204192000245,3.212478844944151,3349.1607560789994,0.7833928626230661,0.6433125766947125,0.6439333333333335,1.0534122231640393,0.6439,0.04963799803943875,1.0,0.0
143,0.0021849769996151736,0.0013462599999911617,0.0002672819996405451,0.0004899203777313232,4.7888606786727905e-06,1.6521662473678589e-06,0.016856631264090538,0.021151511667994782,23.362889950999943,3.233630356612146,3372.5236460299993,0.7850844264326123,0.6446890506192275,0.6438833333333333,1.0543632084810282,0.6443,0.04949606198648725,1.0,0.0
144,0.0022111260000201582,0.0013634829997499764,0.0002694959998734703,0.0004792790859937668,4.999339580535889e-06,1.434236764907837e-06,0.021455276757478714,0.02578509441946153,23.167807277000065,3.2594154510316073,3395.6914533069994,0.7862104555969833,0.6452273696856752,0.6445416666666666,1.0553290466719036,0.645,0.04944185812950143,1.0,0.0
145,0.0021410949998426076,0.0029394339999271324,0.00026675099979911465,0.0004901699721813202,5.241483449935913e-06,1.5515834093093872e-06,0.01714574545621872,0.02298998849482814,23.441926333000083,3.2824054395264355,3419.1333796399995,0.7895741422337829,0.6456005365300319,0.644875,1.0562271928485436,0.6445,0.049019180349626094,1.0,0.0
146,0.0021985620001032657,0.001334298000074341,0.0002625229999466683,0.0004931986331939697,4.868954420089722e-06,1.562759280204773e-06,0.015822308138012886,0.020117321485031425,23.569858809999914,3.302522761011467,3442.7032384499994,0.7903894818826198,0.6451809030236282,0.64425,1.0576544751094867,0.6445,0.048882784571730176,1.0,0.0
147,0.0021754489998784265,0.0013667789999090019,0.0002633250001053966,0.00047912076115608215,9.587034583091736e-06,1.6223639249801636e-06,0.020049884915351868,0.024345768074908847,23.451854197000102,3.3268685290863758,3466.1550926469995,0.7925861633030706,0.6462525900488947,0.6444666666666666,1.058575279350522,0.6445,0.04882346222212222,1.0,0.0
148,0.0022395899995899526,0.0013484639998750936,0.0002689650000320398,0.0004793927073478699,4.839152097702026e-06,1.650303602218628e-06,0.017587367445230484,0.02193026860777536,23.15347338599986,3.348798797694151,3489.3085660329994,0.7941882333135285,0.6464573768011899,0.6446,1.0606505659562122,0.6436,0.04872969499419741,1.0,0.0
149,0.002221746000031999,0.0013713180001104774,0.00026592999984131893,0.000500781461596489,4.967674612998962e-06,1.9222497940063477e-06,0.01701465994119644,0.02138132532718373,23.37712363699984,3.370180123021335,3512.685689669999,0.7961426136648484,0.6461942194200351,0.6454083333333334,1.0611324702637106,0.6442,0.04849090651917624,1.0,0.0
150,0.0021985919997860037,0.0013527429996429419,0.0002660099999047816,0.00048767589032649994,5.031004548072815e-06,1.7248094081878662e-06,0.02108161337673664,0.02539339008035313,23.321412204999888,3.395573513101688,3536.007101874999,0.7984369445448297,0.6474434871012571,0.646475,1.0611757741698735,0.6453,0.04830454711025148,1.0,0.0
151,0.002228619000106846,0.0013339669999368198,0.00027444599982118234,0.0004889611154794693,4.468485713005066e-06,1.642853021621704e-06,0.017109526321291924,0.021441630775370868,23.595916763999867,3.417015143877059,3559.603018638999,0.7987367324997336,0.6470822004127805,0.6465916666666666,1.063020797469948,0.6462,0.04821646502939187,1.0,0.0
152,0.002242534999822965,0.0013666289996763226,0.000264236000020901,0.0004951599985361099,4.800036549568176e-06,1.6223639249801636e-06,0.01665128581225872,0.021026268210789567,23.132411790000333,3.4380414120878484,3582.7354304289993,0.7999970061813566,0.6474191788661714,0.6467916666666667,1.0642655446559568,0.6472,0.04808078841508325,1.0,0.0
153,0.0021619240001200524,0.0013695940001525742,0.00026630100001057144,0.00048012472689151764,5.219131708145142e-06,1.6726553440093994e-06,0.01827874593436718,0.02256358144859405,23.399751448999723,3.4606049935364425,3606.135181877999,0.8020987296223242,0.6481033367976229,0.6477666666666667,1.0653404774545114,0.6478,0.047868993834077465,1.0,0.0
154,0.002191719999700581,0.0013743730000896903,0.00026381499992567115,0.0004888102412223816,5.250796675682068e-06,1.6335397958755493e-06,0.017438506707549095,0.021764109284958977,23.012566234999667,3.4823691028214014,3629.1477481129987,0.8037156481645552,0.6477882185713243,0.648125,1.0670704011675678,0.6492,0.047734941808234406,1.0,0.0
155,0.0021543600000768492,0.0013622910000776756,0.00026910600035989773,0.0004870165139436722,4.800036549568176e-06,1.6242265701293945e-06,0.017109710723161697,0.02138890850073949,23.38967619999994,3.503758011322141,3652.5374243129986,0.8053069195037236,0.6487485017692965,0.6485249999999999,1.0688526773754554,0.6487,0.04767502007412804,1.0,0.0
156,0.002180578999741556,0.001289813999846956,0.00026132099992537405,0.0004865545779466629,4.967674612998962e-06,1.7825514078140259e-06,0.017364224418997765,0.021589243222479126,23.18755782900007,3.52534725454462,3675.7249821419987,0.807151593431786,0.6486344875146808,0.6486,1.069719758969319,0.649,0.04731814975030805,1.0,0.0
157,0.0021832840002389275,0.001353564000055485,0.000264998000147898,0.000491023063659668,5.017966032028198e-06,1.5739351511001587e-06,0.015918808057904243,0.02021826902318935,23.439632595999683,3.5455655235678094,3699.1646147379984,0.8097102116293828,0.6497561977630025,0.6491833333333333,1.0710090632680096,0.6505,0.04730587066970207,1.0,0.0
158,0.0021745469998677436,0.00135100900024554,0.00026635099993654876,0.0004633292555809021,5.250796675682068e-06,1.5124678611755371e-06,0.017569951713085175,0.021831951233252767,23.30174593899983,3.567397474801062,3722.466360676998,0.8107382151389843,0.6491800773464641,0.6495416666666666,1.0721513191355934,0.65,0.04730785380114382,1.0,0.0
159,0.002191298999605351,0.0013221249996604456,0.0002585259999250411,0.0004823952913284302,4.477798938751221e-06,1.7937272787094116e-06,0.016462773084640503,0.02072338990137723,23.14782206300015,3.5881208647024394,3745.6141827399983,0.8106881346240198,0.6493816673448402,0.6497583333333334,1.0729072916356823,0.6502,0.046941150696962156,1.0,0.0
160,0.002168847000120877,0.0013297690002218587,0.0002661700000317069,0.0004780590534210205,4.597008228302002e-06,1.560896635055542e-06,0.017740506678819656,0.021989509637478477,23.150731907000136,3.610110374339918,3768.7649146469985,0.8139976516478575,0.6507248068967572,0.6502583333333335,1.073665608333636,0.6495,0.047023132772372384,1.0,0.0
161,0.0021671429999514658,0.0013283970001793932,0.0002780429999802436,0.0004845503717660904,4.829838871955872e-06,1.6335397958755493e-06,0.01772979274392128,0.021994389494466304,23.309330058999876,3.632104763834384,3792.0742447059984,0.8162045260206181,0.6512490858742083,0.65065,1.0753449111045161,0.6496,0.046761232514622594,1.0,0.0
162,0.002227095999842277,0.0013676799999302602,0.0002757379998001852,0.0004903711378574371,4.708766937255859e-06,1.7024576663970947e-06,0.01948278769850731,0.02385008406054112,23.281184776999908,3.6559548478949253,3815.3554294829983,0.8171251485304657,0.6505578496994678,0.6508166666666666,1.0774126007587095,0.6497,0.04669655923005983,1.0,0.0
163,0.0021700580000469927,0.001349756999843521,0.0002791739998428966,0.00048807449638843536,4.857778549194336e-06,1.9818544387817383e-06,0.0169407706707716,0.02123467379988142,23.18542143800005,3.6771895216948067,3838.5408509209983,0.8198815062172199,0.6523035312877304,0.6514416666666667,1.078758288033401,0.6511,0.04656153754669593,1.0,0.0
164,0.002238989000034053,0.0014001419999658538,0.0002724119999584218,0.0004829391837120056,4.9211084842681885e-06,1.7452985048294067e-06,0.01688232272863388,0.021283471319293312,23.505361895000078,3.6984729930141,3862.0462128159984,0.8193513601647916,0.6514172321459907,0.6510999999999999,1.0799079069608375,0.6506,0.04627461765060879,1.0,0.0
165,0.002280777000123635,0.0013127879997227865,0.00026829399985217606,0.00048198550939559937,4.829838871955872e-06,1.605600118637085e-06,0.017887068912386894,0.022237348860471684,23.25401267799998,3.7207103418745717,3885.3002254939984,0.8218787726368535,0.6519186263591008,0.6515416666666667,1.0814521274989164,0.6508,0.04634358384995029,1.0,0.0
166,0.002208911999787233,0.0013888710000173887,0.00026674199989429326,0.0004798322916030884,4.539266228675842e-06,1.6540288925170898e-06,0.015686774626374245,0.02003732521279744,23.49243266700023,3.740747667087369,3908.7926581609986,0.8230486382752035,0.6523803061017075,0.6520499999999999,1.0830545780024952,0.6509,0.046027314420304916,1.0,0.0
167,0.0021844349998900725,0.001336191000063991,0.0002648370000315481,0.0004799403250217438,4.477798938751221e-06,1.5441328287124634e-06,0.017418738454580307,0.021690163711355126,23.0927304490001,3.7624378307987243,3931.8853886099987,0.8245953454324084,0.6521584091564994,0.6520333333333334,1.0848938679393334,0.6516,0.04592099545210817,1.0,0.0
168,0.0021829430002071604,0.0013555879995692521,0.00026908599966191105,0.0004803817719221115,4.587695002555847e-06,1.4919787645339966e-06,0.016731135547161102,0.021025213992288627,23.28144182199958,3.783463044791013,3955.1668304319983,0.8266452197953326,0.6525454674058948,0.6528833333333333,1.0870575052273423,0.6528,0.04589848070228417,1.0,0.0
169,0.002242704999844136,0.0013634229999297531,0.0002691659997253737,0.00048036500811576843,5.247071385383606e-06,1.7248094081878662e-06,0.018137970939278603,0.022500601827687206,23.394957452999734,3.8059636466187,3978.561787884998,0.8285452209554062,0.6529478884513487,0.6533333333333333,1.089079831974416,0.6532,0.0456375127041059,1.0,0.0
170,0.002235802000086551,0.001312757000050624,0.00025780500027394737,0.0004779677838087082,4.8074871301651e-06,1.6558915376663208e-06,0.02010505460202694,0.0243958497649146,23.296366030999707,3.8303594963836147,4001.8581539159977,0.8308200524479155,0.652972636421821,0.6532333333333332,1.0907344727576533,0.6532,0.045619239724620356,1.0,0.0
171,0.0021989629999552562,0.0013416109995887382,0.0002621220000946778,0.00048765726387500763,4.628673195838928e-06,1.7955899238586426e-06,0.0178504828363657,0.022147260362999077,23.208898179000244,3.852506756746614,4025.067052094998,0.8314696380389422,0.6537116169686618,0.6530166666666666,1.092352214493329,0.6529,0.04552426709443647,1.0,0.0
172,0.0022097040000517154,0.0013319540003067232,0.0002690260002964351,0.00048582442104816437,4.971399903297424e-06,1.7229467630386353e-06,0.018521985039114952,0.022825187807484326,23.475415985999916,3.875331944554098,4048.542468080998,0.8314885668284443,0.6531935303332638,0.6532583333333334,1.0939451101460034,0.654,0.04524279255738681,1.0,0.0
173,0.002144150000276568,0.001344948000223667,0.000269195999862859,0.0004957038909196854,5.189329385757446e-06,1.69314444065094e-06,0.01711278408765793,0.021373664452767116,23.52612931299973,3.8967056090068652,4072.0685973939976,0.8341378056280733,0.6536438047737385,0.6531916666666667,1.09592784658263,0.6535,0.04524985828866692,1.0,0.0
174,0.0021952960000817257,0.0013060840001344332,0.00026047900018966175,0.0004810728132724762,5.010515451431274e-06,1.6242265701293945e-06,0.01767691597342491,0.02192648252912477,23.190817684000194,3.91863209153599,4095.259415077998,0.8365009393433226,0.6538612482069468,0.653425,1.0983979188943211,0.6529,0.045176758103315805,1.0,0.0
175,0.0021695370005545556,0.0013450679998641135,0.0002660199997990276,0.0004879571497440338,4.598870873451233e-06,1.9241124391555786e-06,0.016819700598716736,0.021094805731991073,23.300199913999677,3.939726897267981,4118.5596149919975,0.8364456484405057,0.654121171092901,0.6535500000000001,1.0998878131938885,0.6535,0.04482183058032393,1.0,0.0
176,0.002137057000254572,0.0013887209997847094,0.0002663909999682801,0.0004907026886940002,4.7478824853897095e-06,1.6838312149047852e-06,0.020166093483567238,0.024455396885969094,23.252491909000128,3.96418229415395,4141.812106900998,0.8387553703682729,0.6536512938606266,0.6534166666666668,1.1027814300754402,0.6532,0.04483731745386227,1.0,0.0
177,0.002232266000646632,0.0013386860000537126,0.00026864499977818923,0.00047714635729789734,4.891306161880493e-06,1.6335397958755493e-06,0.017952430993318558,0.022275699197052745,23.458728621000773,3.986457993351003,4165.270835521998,0.8399440007526686,0.6549631451790562,0.6538833333333334,1.1039952975285203,0.6536,0.04477527452588066,1.0,0.0
178,0.002196309000282781,0.0013259219995234162,0.0002630240005601081,0.0004916228353977203,5.228444933891296e-06,1.6335397958755493e-06,0.01609988883137703,0.020383628651870822,23.19354149100036,4.006841622002874,4188.464377012999,0.8413040488742959,0.6552492853039644,0.6542583333333333,1.106837173051472,0.6538,0.04465117220375499,1.0,0.0
179,0.002161903999876813,0.0013336769998204545,0.00025953800013667205,0.00047321803867816925,4.770234227180481e-06,1.6540288925170898e-06,0.016404934227466583,0.02063969552909839,23.44969416299955,4.027481317531972,4211.914071175998,0.8422833414317187,0.6556594856960788,0.654225,1.1081884367556512,0.6546,0.04448771772631026,1.0,0.0
180,0.0022190310000951285,0.001357101000394323,0.0002739749997999752,0.0004654545336961746,4.850327968597412e-06,1.560896635055542e-06,0.018090663477778435,0.02241263623636769,23.25798499800021,4.04989395376834,4235.1720561739985,0.8448421378953119,0.6551631221513328,0.6542333333333333,1.110283002823214,0.6552,0.04448213713753519,1.0,0.0
181,0.002197049000642437,0.0013635830000566784,0.000261322000369546,0.00048202648758888245,4.7497451305389404e-06,1.7136335372924805e-06,0.01846756972372532,0.022778013591050694,23.543764396999904,4.0726719673593905,4258.715820570998,0.8423947755427044,0.6550831152768988,0.6540583333333333,1.1119816265528715,0.6543,0.04428754590232923,1.0,0.0
182,0.002198631999817735,0.0013711669998883735,0.00027212199984205654,0.000482095405459404,5.172565579414368e-06,1.7564743757247925e-06,0.015907375141978264,0.020238320586940972,23.43425153299995,4.0929102879463315,4282.150072103998,0.8457803250331518,0.6567540297273431,0.6550166666666667,1.1137210236320012,0.655,0.043990288614711645,1.0,0.0
183,0.0021594390000245767,0.0013548059996537631,0.0002623029995447723,0.0004943571984767914,5.42961061000824e-06,1.7527490854263306e-06,0.01637067086994648,0.020648758427341818,23.350480334000167,4.113559046373673,4305.5005524379985,0.8499869569394113,0.6568773135061486,0.654975,1.1165511155430274,0.6548,0.04419370738055906,1.0,0.0
184,0.002154018000510405,0.0013283669995871605,0.00027293299990560627,0.0004614349454641342,4.630535840988159e-06,1.6316771507263184e-06,0.01790894940495491,0.02213196456341393,23.45015545699971,4.135691010937087,4328.950707894998,0.851182532598929,0.656190590170622,0.6550250000000001,1.1190131389642064,0.6549,0.044047986838484064,1.0,0.0
185,0.0021936729999652016,0.001345439000033366,0.000272733000201697,0.000479651615023613,4.967674612998962e-06,1.6614794731140137e-06,0.0163628738373518,0.02066099960666179,23.05678564200025,4.156352010543749,4352.0074935369985,0.8535213064051481,0.6565932878573697,0.65535,1.1211379872092717,0.6552,0.043938447784244834,1.0,0.0
186,0.002184977000069921,0.0013448279996737256,0.0002645169997776975,0.00047834962606430054,4.976987838745117e-06,1.6335397958755493e-06,0.016881819814443588,0.021161101967663853,23.445126008999978,4.177513112511413,4375.4526195459985,0.8510719266193588,0.6565464822013988,0.6551416666666666,1.1240979742400254,0.6552,0.043668464836195214,1.0,0.0
187,0.0021657799998138216,0.001369753999824752,0.00026752299982035765,0.0004849731922149658,5.191192030906677e-06,2.0973384380340576e-06,0.01720970869064331,0.02150502741278615,23.23135073799949,4.199018139924199,4398.683970283998,0.8549297783911632,0.6564380691536759,0.655325,1.1268045426924018,0.6553,0.04368371858341747,1.0,0.0
188,0.00214953999966383,0.001330560999122099,0.00025662200005172053,0.00047634541988372803,4.626810550689697e-06,1.6521662473678589e-06,0.018262634053826332,0.022481981449345767,23.41248376600015,4.221500121373545,4422.096454049998,0.8553097892342731,0.6565377568937617,0.655125,1.1296027348011355,0.6545,0.043487111866499346,1.0,0.0
189,0.0022441179999077576,0.0013381549997575348,0.00027353400037100073,0.00048731453716754913,5.07943332195282e-06,1.521781086921692e-06,0.016655893996357918,0.021005616747970635,23.175087124999664,4.242505738121515,4445.271541174998,0.8562004056157558,0.6566292133374239,0.6553833333333333,1.1323150230359427,0.655,0.043436553421970565,1.0,0.0
190,0.0021970500001771143,0.0013334360000953893,0.00025759500022104476,0.0005108397454023361,4.76837158203125e-06,1.7434358596801758e-06,0.016585811972618103,0.0208912445259557,23.439036684000712,4.263396982647471,4468.7105778589985,0.8586301707625249,0.6565621391340568,0.6559083333333334,1.1347878492331203,0.655,0.043315408907705,1.0,0.0
191,0.002183594000598532,0.0013043609997112071,0.00026674099990486866,0.00048467330634593964,4.719942808151245e-06,1.5012919902801514e-06,0.01709352433681488,0.02133911487817386,23.396020090000093,4.284736097525645,4492.106597948999,0.8606984855266521,0.6571006763862517,0.6561416666666667,1.1370140382006197,0.6555,0.04340390578880113,1.0,0.0
192,0.002162374000363343,0.0013639930002682377,0.0002683040002011694,0.0004986971616744995,5.116686224937439e-06,1.734122633934021e-06,0.018634071573615074,0.022934290544981195,23.530999553000584,4.307670388070626,4515.637597501999,0.8604884994656442,0.657215732964064,0.6565583333333332,1.1394078346747387,0.6551,0.04315170225479606,1.0,0.0
193,0.0021850570001333836,0.0013300800001161406,0.00026379500013717916,0.0004714149981737137,4.481524229049683e-06,1.8943101167678833e-06,0.01808326691389084,0.022339989746797073,23.32805466300033,4.330010377817423,4538.9656521649995,0.8615760800458384,0.6573323654339996,0.6566666666666667,1.1424946407728558,0.6557,0.04309870630926421,1.0,0.0
194,0.0021706299994548317,0.001326133000475238,0.00027772199973696843,0.00047428347170352936,4.818663001060486e-06,1.734122633934021e-06,0.017871107906103134,0.022126429163108696,23.143865514000026,4.352136806980532,4562.1095176789995,0.8622977291146446,0.6568411219692604,0.6566333333333334,1.1455351340619824,0.6557,0.04308483285639229,1.0,0.0
195,0.002211005000390287,0.0013420919995041913,0.00026111999977729283,0.0004817526787519455,4.647299647331238e-06,1.6726553440093994e-06,0.01689704693853855,0.02119933657195361,23.13528108799983,4.373336143552486,4585.244798766999,0.8606393462781273,0.6569123968508612,0.6563,1.1471476826486708,0.6558,0.04269061576029735,1.0,0.0
196,0.0021631559993693372,0.0013377350005612243,0.0002584059993750998,0.00047940202057361603,4.470348358154297e-06,1.9334256649017334e-06,0.0170835480093956,0.021328650803297933,23.251916535999953,4.3946647943557835,4608.496715302999,0.8656608236526288,0.6577361858213663,0.6564083333333334,1.1499133140225954,0.6563,0.042904958326229176,1.0,0.0
197,0.002189344999351306,0.001314260000071954,0.0002616720003061346,0.00047041475772857666,4.559755325317383e-06,2.1029263734817505e-06,0.015884166583418846,0.020126521022575616,23.159838243000195,4.414791315378359,4631.6565535459995,0.8680099746366751,0.6578657381182901,0.6567083333333332,1.1528537876998322,0.6569,0.04268834668833458,1.0,0.0
198,0.002157384999918577,0.0013587639996330836,0.00026552899998932844,0.0004815254360437393,4.939734935760498e-06,1.6223639249801636e-06,0.016161145642399788,0.020430911176845257,23.137653707000027,4.435222226555204,4654.7942072529995,0.8680479685277348,0.6590001735200698,0.6569999999999999,1.1565311128580118,0.6574,0.04273679352086825,1.0,0.0
199,0.0022589149994018953,0.0013364719998207875,0.00026985700060322415,0.000485861673951149,4.718080163002014e-06,1.5944242477416992e-06,0.01596936397254467,0.02032678215073247,23.216740193000078,4.455549008705937,4678.010947446,0.8700379169751443,0.659364374584022,0.657375,1.1597688092461116,0.6576,0.04266261645519506,1.0,0.0
